date,state,death,deathConfirmed,deathIncrease,deathProbable,hospitalizedCurrently,inIcuCurrently,onVentilatorCurrently,positive,positiveCasesViral,positiveIncrease,totalTestResults,totalTestResultsIncrease,totalTestsViral,totalTestsViralIncrease
3/7/2021,IL,23014,20763,12,2251,1141,255,112,1198335,,1068,18640190,68094,18640190,68094
3/6/2021,IL,23002,20750,56,2252,1210,261,108,1197267,,2565,18572096,79248,18572096,79248
3/5/2021,IL,22946,20700,44,2246,1166,263,121,1194702,,1442,18492848,103336,18492848,103336
3/4/2021,IL,22902,20668,49,2234,1200,260,128,1193260,,1740,18389512,73990,18389512,73990
3/3/2021,IL,22853,20626,50,2227,1260,275,138,1191520,,2104,18315522,80854,18315522,80854
3/2/2021,IL,22803,20583,44,2220,1231,281,148,1189416,,1577,18234668,56181,18234668,56181
3/1/2021,IL,22759,20536,24,2223,1288,308,148,1187839,,1143,18178487,42234,18178487,42234
2/28/2021,IL,22735,20516,25,2219,1265,303,150,1186696,,1249,18136253,66500,18136253,66500
2/27/2021,IL,22710,20494,35,2216,1353,312,160,1185447,,1780,18069753,81668,18069753,81668
2/26/2021,IL,22675,20460,68,2215,1393,336,174,1183667,,2441,17988085,92256,17988085,92256
2/25/2021,IL,22607,20406,32,2201,1463,334,168,1181226,,1884,17895829,91292,17895829,91292
2/24/2021,IL,22575,20374,47,2201,1511,338,172,1179342,,2022,17804537,82976,17804537,82976
2/23/2021,IL,22528,20330,22,2198,1488,361,172,1177320,,1665,17721561,61400,17721561,61400
2/22/2021,IL,22506,20303,40,2203,1504,377,169,1175655,,1246,17660161,37361,17660161,37361
2/21/2021,IL,22466,20269,40,2197,1468,356,170,1174409,,1585,17622800,75269,17622800,75269
2/20/2021,IL,22426,20234,58,2192,1551,351,171,1172824,,1922,17547531,73212,17547531,73212
2/19/2021,IL,22368,20192,71,2176,1596,366,190,1170902,,2219,17474319,85963,17474319,85963
2/18/2021,IL,22297,20129,73,2168,1655,386,184,1168683,,1966,17388356,67542,17388356,67542
2/17/2021,IL,22224,20057,25,2167,1719,375,176,1166717,,1795,17320814,49937,17320814,49937
2/16/2021,IL,22199,20034,33,2165,1726,385,179,1164922,,1348,17270877,46630,17270877,46630
2/15/2021,IL,22166,20002,45,2164,1789,389,184,1163574,,1420,17224247,52389,17224247,52389
2/14/2021,IL,22121,19961,34,2160,1777,373,189,1162154,,1631,17171858,64949,17171858,64949
2/13/2021,IL,22087,19926,60,2161,1892,425,202,1160523,,2092,17106909,84990,17106909,84990
2/12/2021,IL,22027,19873,42,2154,1910,437,211,1158431,,2598,17021919,103009,17021919,103009
2/11/2021,IL,21985,19841,116,2144,1954,448,227,1155833,,2838,16918910,96525,16918910,96525
2/10/2021,IL,21869,19739,67,2130,2082,464,232,1152995,,2825,16822385,82885,16822385,82885
2/9/2021,IL,21802,19686,23,2116,2117,497,240,1150170,,2082,16739500,55705,16739500,55705
2/8/2021,IL,21779,19668,41,2111,2161,469,251,1148088,,1747,16683795,47210,16683795,47210
2/7/2021,IL,21738,19633,62,2105,2188,507,245,1146341,,2060,16636585,81550,16636585,81550
2/6/2021,IL,21676,19585,73,2091,2271,485,246,1144281,,3062,16555035,90295,16555035,90295
2/5/2021,IL,21603,19526,106,2077,2318,491,254,1141219,,3660,16464740,105085,16464740,105085
2/4/2021,IL,21497,19444,77,2053,2341,513,265,1137559,,3328,16359655,101307,16359655,101307
2/3/2021,IL,21420,19375,84,2045,2469,520,270,1134231,,3314,16258348,96894,16258348,96894
2/2/2021,IL,21336,19306,63,2030,2447,533,265,1130917,,2304,16161454,60899,16161454,60899
2/1/2021,IL,21273,19259,20,2014,2387,515,278,1128613,,2312,16100555,61263,16100555,61263
1/31/2021,IL,21253,19243,40,2010,2467,538,289,1126301,,2428,16039292,86871,16039292,86871
1/30/2021,IL,21213,19203,67,2010,2600,522,284,1123873,,3345,15952421,107802,15952421,107802
1/29/2021,IL,21146,19138,72,2008,2735,532,297,1120528,,4156,15844619,111057,15844619,111057
1/28/2021,IL,21074,19067,125,2007,2802,567,292,1116372,,4191,15733562,100119,15733562,100119
1/27/2021,IL,20949,18964,96,1985,2931,591,300,1112181,,3751,15633443,80124,15633443,80124
1/26/2021,IL,20853,18883,109,1970,3001,608,320,1108430,,3667,15553319,69285,15553319,69285
1/25/2021,IL,20744,18798,64,1946,2962,601,302,1104763,,2944,15484034,74202,15484034,74202
1/24/2021,IL,20680,18750,35,1930,2994,617,321,1101819,,3292,15409832,90138,15409832,90138
1/23/2021,IL,20645,18711,111,1934,3121,644,338,1098527,,5152,15319694,110178,15319694,110178
1/22/2021,IL,20534,18615,111,1919,3179,661,348,1093375,,7042,15209516,125831,15209516,125831
1/21/2021,IL,20423,18520,138,1903,3281,662,358,1086333,,4979,15083685,99036,15083685,99036
1/20/2021,IL,20285,18398,132,1887,3284,722,379,1081354,,4822,14984649,86121,14984649,86121
1/19/2021,IL,20153,18291,35,1862,3335,713,395,1076532,,4318,14898528,71533,14898528,71533
1/18/2021,IL,20118,18258,68,1860,3345,705,392,1072214,,3385,14826995,63002,14826995,63002
1/17/2021,IL,20050,18208,30,1842,3408,720,387,1068829,,4162,14763993,96845,14763993,96845
1/16/2021,IL,20020,18179,147,1841,3406,711,379,1064667,,5343,14667148,102372,14667148,102372
1/15/2021,IL,19873,18049,149,1824,3446,712,386,1059324,,6642,14564776,107156,14564776,107156
1/14/2021,IL,19724,17928,107,1796,3511,742,382,1052682,,6652,14457620,118036,14457620,118036
1/13/2021,IL,19617,17840,120,1777,3642,749,386,1046030,,5862,14339584,76107,14339584,76107
1/12/2021,IL,19497,17743,134,1754,3553,757,409,1040168,,6642,14263477,93491,14263477,93491
1/11/2021,IL,19363,17627,70,1736,3540,759,401,1033526,,4776,14169986,66697,14169986,66697
1/10/2021,IL,19293,17574,83,1719,3527,740,391,1028750,,4711,14103289,77775,14103289,77775
1/9/2021,IL,19210,17494,102,1716,3589,742,393,1024039,,6717,14025514,102903,14025514,102903
1/8/2021,IL,19108,17395,167,1713,3777,780,422,1017322,,9277,13922611,118665,13922611,118665
1/7/2021,IL,18941,17272,206,1669,3921,783,450,1008045,,8757,13803946,105518,13803946,105518
1/6/2021,IL,18735,17096,173,1639,3928,812,451,999288,,7569,13698428,80974,13698428,80974
1/5/2021,IL,18562,16959,150,1603,3905,800,457,991719,,6839,13617454,87083,13617454,87083
1/4/2021,IL,18412,16834,90,1578,3948,816,471,984880,,5059,13530371,48254,13530371,48254
1/3/2021,IL,18322,16755,105,1567,3817,798,462,979821,,4469,13482117,45465,13482117,45465
1/2/2021,IL,18217,16674,44,1543,3799,783,458,975352,,4762,13436652,61987,13436652,61987
1/1/2021,IL,18173,16647,195,1526,3992,808,464,970590,,7201,13374665,97222,13374665,97222
12/31/2020,IL,17978,16490,167,1488,4093,837,496,963389,,8009,13277443,99426,13277443,99426
12/30/2020,IL,17811,16357,215,1454,4244,882,496,955380,,7374,13178017,74573,13178017,74573
12/29/2020,IL,17596,16179,126,1417,4313,904,506,948006,,5644,13103444,66786,13103444,66786
12/28/2020,IL,17470,16074,134,1396,4243,884,515,942362,,4453,13036658,51046,13036658,51046
12/27/2020,IL,17336,15969,112,1367,4083,905,497,937909,,3767,12985612,46226,12985612,46226
12/26/2020,IL,17224,15865,70,1359,4021,874,494,934142,,3293,12939386,57448,12939386,57448
12/25/2020,IL,17154,15799,194,1355,4352,928,538,930849,,5742,12881938,98958,12881938,98958
12/24/2020,IL,16960,15643,118,1317,4488,944,518,925107,,7037,12782980,94909,12782980,94909
12/23/2020,IL,16842,15547,171,1295,4593,953,536,918070,,6762,12688071,82328,12688071,82328
12/22/2020,IL,16671,15414,144,1257,4571,981,557,911308,,6239,12605743,84764,12605743,84764
12/21/2020,IL,16527,15299,120,1228,4460,981,546,905069,,4699,12520979,86454,12520979,86454
12/20/2020,IL,16407,15202,81,1205,4389,991,546,900370,,6003,12434525,78079,12434525,78079
12/19/2020,IL,16326,15123,120,1203,4624,1000,562,894367,,7562,12356446,96851,12356446,96851
12/18/2020,IL,16206,15015,221,1191,4690,1023,589,886805,,7377,12259595,112292,12259595,112292
12/17/2020,IL,15985,14835,208,1150,4804,1063,575,879428,,8828,12147303,92015,12147303,92015
12/16/2020,IL,15777,14655,190,1122,4793,1045,590,870600,,7123,12055288,93278,12055288,93278
12/15/2020,IL,15587,14509,132,1078,4965,1057,598,863477,,7359,11962010,92922,11962010,92922
12/14/2020,IL,15455,14394,116,1061,4951,1070,621,856118,,7214,11869088,92256,11869088,92256
12/13/2020,IL,15339,14291,107,1048,5073,1080,612,848904,,7216,11776832,63648,11776832,63648
12/12/2020,IL,15232,14176,165,1056,5048,1072,627,841688,,8737,11713184,126888,11713184,126888
12/11/2020,IL,15067,14050,222,1017,5141,1081,635,832951,,9420,11586296,104448,11586296,104448
12/10/2020,IL,14845,13861,232,984,5138,1081,606,823531,,11101,11481848,114503,11481848,114503
12/9/2020,IL,14613,13666,229,947,5284,1176,647,812430,,8256,11367345,92737,11367345,92737
12/8/2020,IL,14384,13487,168,897,5199,1071,626,804174,,7910,11274608,95825,11274608,95825
12/7/2020,IL,14216,13343,100,873,5190,1123,648,796264,,8691,11178783,77569,11178783,77569
12/6/2020,IL,14116,13255,99,861,5160,1103,643,787573,,7598,11101214,79538,11101214,79538
12/5/2020,IL,14017,13179,235,838,5331,1134,694,779975,,9887,11021676,102678,11021676,102678
12/4/2020,IL,13782,12974,157,808,5453,1153,703,770088,,10526,10918998,112634,10918998,112634
12/3/2020,IL,13625,12830,228,795,5653,1170,693,759562,,10959,10806364,106778,10806364,106778
12/2/2020,IL,13397,12639,266,758,5764,1190,714,748603,,9757,10699586,85507,10699586,85507
12/1/2020,IL,13131,12403,146,728,5835,1195,721,738846,,12542,10614079,116081,10614079,116081
11/30/2020,IL,12985,12278,103,707,5849,1217,715,726304,,6190,10497998,66980,10497998,66980
11/29/2020,IL,12882,12193,44,689,5858,1185,723,720114,,7178,10431018,62740,10431018,62740
11/28/2020,IL,12838,12137,152,701,5775,1211,686,712936,,7873,10368278,79055,10368278,79055
11/27/2020,IL,12686,12029,90,657,5829,1215,698,705063,,7574,10289223,77130,10289223,77130
11/26/2020,IL,12596,11963,156,633,6032,1224,724,697489,,12022,10212093,107556,10212093,107556
11/25/2020,IL,12440,11832,178,608,6133,1208,679,685467,,11378,10104537,114233,10104537,114233
11/24/2020,IL,12262,11677,150,585,6134,1203,668,674089,,9469,9990304,97323,9990304,97323
11/23/2020,IL,12112,11552,61,560,6171,1206,635,664620,,8322,9892981,91562,9892981,91562
11/22/2020,IL,12051,11506,99,545,6072,1179,589,656298,,10012,9801419,92437,9801419,92437
11/21/2020,IL,11952,11430,157,522,6175,1173,595,646286,,11891,9708982,120284,9708982,120284
11/20/2020,IL,11795,11304,147,491,6111,1196,604,634395,,13012,9588698,116024,9588698,116024
11/19/2020,IL,11648,11178,180,470,6037,1192,587,621383,,14612,9472674,113447,9472674,113447
11/18/2020,IL,11468,11014,151,454,5953,1146,547,606771,,8922,9359227,103569,9359227,103569
11/17/2020,IL,11317,10875,113,442,5887,1158,545,597849,,12601,9255658,94205,9255658,94205
11/16/2020,IL,11204,10779,42,425,5581,1144,514,585248,,11632,9161453,90612,9161453,90612
11/15/2020,IL,11162,10742,74,420,5474,1045,490,573616,,10631,9070841,84831,9070841,84831
11/14/2020,IL,11088,10670,197,418,5415,1018,499,562985,,11028,8986010,114370,8986010,114370
11/13/2020,IL,10891,10504,45,387,5362,990,488,551957,,15415,8871640,106540,8871640,106540
11/12/2020,IL,10846,10477,48,369,5258,956,438,536542,,12702,8765100,100617,8765100,100617
11/11/2020,IL,10798,10434,153,364,5042,951,404,523840,,12657,8664483,93464,8664483,93464
11/10/2020,IL,10645,10289,82,356,4742,911,399,511183,,12623,8571019,101955,8571019,101955
11/9/2020,IL,10563,10210,25,353,4409,857,376,498560,,10573,8469064,64760,8469064,64760
11/8/2020,IL,10538,10196,50,342,4303,833,368,487987,,10009,8404304,90757,8404304,90757
11/7/2020,IL,10488,10154,91,334,4250,813,367,477978,,12438,8313547,98418,8313547,98418
11/6/2020,IL,10397,10079,84,318,4090,786,339,465540,,11790,8215129,98401,8215129,98401
11/5/2020,IL,10313,10030,97,283,3891,772,343,453750,447491,9935,8116728,86015,8116728,86015
11/4/2020,IL,10216,9933,55,283,3761,776,327,443815,437556,7538,8030713,71857,8030713,71857
11/3/2020,IL,10161,9878,68,283,3594,755,326,436277,430018,6516,7958856,82435,7958856,82435
11/2/2020,IL,10093,9810,18,283,3371,722,298,429761,423502,6222,7876421,68118,7876421,68118
11/1/2020,IL,10075,9792,25,283,3294,692,284,423539,417280,6980,7808303,78458,7808303,78458
10/31/2020,IL,10050,9757,56,283,3228,680,290,416559,410300,7899,7729845,92636,7729845,92636
10/30/2020,IL,9994,9711,49,283,3092,673,288,408660,402401,8489,7637209,95111,7637209,95111
10/29/2020,IL,9945,9675,56,270,3030,643,269,400171,395458,6363,7542098,83056,7542098,83056
10/28/2020,IL,9889,9619,51,270,2861,600,243,393808,389095,6110,7459042,70752,7459042,70752
10/27/2020,IL,9838,9568,46,270,2758,595,241,387698,382985,4000,7388290,62074,7388290,62074
10/26/2020,IL,9792,9522,17,270,2638,589,238,383698,378985,4729,7326216,57264,7326216,57264
10/25/2020,IL,9775,9505,24,270,2605,565,214,378969,374256,4062,7268952,72097,7268952,72097
10/24/2020,IL,9751,9481,63,270,2616,560,222,374907,370194,6161,7196855,83517,7196855,83517
10/23/2020,IL,9688,9418,41,270,2498,511,197,368746,364033,5000,7113338,82256,7113338,82256
10/22/2020,IL,9647,9387,42,260,2463,525,212,363746,360159,4942,7031082,80977,7031082,80977
10/21/2020,IL,9605,9345,68,260,2338,502,194,358804,355217,4342,6950105,66791,6950105,66791
10/20/2020,IL,9537,9277,41,260,2261,489,195,354462,350875,3714,6883314,59077,6883314,59077
10/19/2020,IL,9496,9236,22,260,2096,485,179,350748,347161,3113,6824237,48684,6824237,48684
10/18/2020,IL,9474,9214,22,260,2012,408,157,347635,344048,4245,6775553,79296,6775553,79296
10/17/2020,IL,9452,9192,27,260,2073,422,165,343390,339803,3629,6696257,77489,6696257,77489
10/16/2020,IL,9425,9165,52,260,2016,410,151,339761,336174,5103,6618768,87759,6618768,87759
10/15/2020,IL,9373,9127,53,246,1932,388,147,334658,331620,4015,6531009,67086,6531009,67086
10/14/2020,IL,9320,9074,48,246,1974,390,153,330643,327605,2862,6463923,52669,6463923,52669
10/13/2020,IL,9272,9026,29,246,1848,406,160,327781,324743,2851,6411254,55993,6411254,55993
10/12/2020,IL,9243,8997,13,246,1764,377,153,324930,321892,2742,6355261,47579,6355261,47579
10/11/2020,IL,9230,8984,9,246,1776,388,159,322188,319150,2727,6307682,64047,6307682,64047
10/10/2020,IL,9221,8975,30,246,1807,406,166,319461,316423,2905,6243635,66256,6243635,66256
10/9/2020,IL,9191,8945,32,246,1812,395,153,316556,313518,3117,6177379,71599,6177379,71599
10/8/2020,IL,9159,8910,32,249,1755,392,163,313439,310700,3059,6105780,72491,6105780,72491
10/7/2020,IL,9127,8878,42,249,1679,372,165,310380,307641,2630,6033289,58820,6033289,58820
10/6/2020,IL,9085,8836,31,249,1673,384,159,307750,305011,1617,5974469,49513,5974469,49513
10/5/2020,IL,9054,8805,14,249,1631,382,155,306133,303394,1853,5924956,38538,5924956,38538
10/4/2020,IL,9040,8791,17,249,1521,384,140,304280,301541,1453,5886418,51656,5886418,51656
10/3/2020,IL,9023,8774,31,249,1535,361,140,302827,300088,2442,5834762,71634,5834762,71634
10/2/2020,IL,8992,8743,52,249,1678,373,162,300385,297646,2456,5763128,72691,5763128,72691
10/1/2020,IL,8940,8696,24,244,1635,359,149,297929,295440,2166,5690437,65615,5690437,65615
9/30/2020,IL,8916,8672,35,244,1632,378,152,295763,293274,2273,5624822,58546,5624822,58546
9/29/2020,IL,8881,8637,23,244,1535,363,151,293490,291001,1362,5566276,45624,5566276,45624
9/28/2020,IL,8858,8614,13,244,1491,346,135,292128,289639,1709,5520652,41142,5520652,41142
9/27/2020,IL,8845,8601,13,244,1486,350,144,290419,287930,1604,5479510,50822,5479510,50822
9/26/2020,IL,8832,8588,25,244,1597,355,141,288815,286326,2441,5428688,65217,5428688,65217
9/25/2020,IL,8807,8563,33,244,1637,371,124,286374,283885,2805,5363471,69793,5363471,69793
9/24/2020,IL,8774,8538,30,236,1713,400,155,283569,281371,2257,5293678,62071,5293678,62071
9/23/2020,IL,8744,8508,22,236,1563,351,144,281312,279114,1848,5231607,46391,5231607,46391
9/22/2020,IL,8722,8486,29,236,1455,367,153,279464,277266,1531,5185216,41829,5185216,41829
9/21/2020,IL,8693,8457,7,236,1436,364,153,277933,275735,1477,5143387,38234,5143387,38234
9/20/2020,IL,8686,8450,14,236,1417,357,151,276456,274258,1402,5105153,48011,5105153,48011
9/19/2020,IL,8672,8436,25,236,1469,326,141,275054,272856,2529,5057142,74286,5057142,74286
9/18/2020,IL,8647,8411,23,236,1481,329,149,272525,270327,2223,4982856,61918,4982856,61918
9/17/2020,IL,8624,8392,25,232,1558,359,144,270302,268207,2056,4920938,57800,4920938,57800
9/16/2020,IL,8599,8367,35,232,1565,345,143,268246,266151,1941,4863138,52311,4863138,52311
9/15/2020,IL,8564,8332,18,232,1584,373,144,266305,264210,1466,4810827,39031,4810827,39031
9/14/2020,IL,8546,8314,5,232,1431,335,131,264839,262744,1373,4771796,35930,4771796,35930
9/13/2020,IL,8541,8309,14,232,1422,328,136,263466,261371,1462,4735866,46890,4735866,46890
9/12/2020,IL,8527,8295,22,232,1509,344,170,262004,259909,2121,4688976,56594,4688976,56594
9/11/2020,IL,8505,8273,44,232,1619,359,155,259883,257788,2312,4632382,56661,4632382,56661
9/10/2020,IL,8461,8242,28,219,1609,346,141,257571,255643,1953,4575721,48982,4575721,48982
9/9/2020,IL,8433,8214,28,219,1580,357,133,255618,253690,1337,4526739,48029,4526739,48029
9/8/2020,IL,8405,8186,7,219,1504,343,133,254281,252353,1392,4478710,31363,4478710,31363
9/7/2020,IL,8398,8179,8,219,1484,352,137,252889,250961,1381,4447347,28975,4447347,28975
9/6/2020,IL,8390,8171,5,219,1504,356,134,251508,249580,1403,4418372,46496,4418372,46496
9/5/2020,IL,8385,8166,23,219,1550,363,151,250105,248177,2806,4371876,61935,4371876,61935
9/4/2020,IL,8362,8143,38,219,1621,360,155,247299,245371,5594,4309941,149273,4309941,149273
9/3/2020,IL,8324,8115,24,209,1620,360,144,241705,240003,1360,4160668,40795,4160668,40795
9/2/2020,IL,8300,8091,27,209,1596,347,142,240345,238643,2128,4119873,32751,4119873,32751
9/1/2020,IL,8273,8064,38,209,1513,362,146,238217,236515,1492,4087122,22961,4087122,22961
8/31/2020,IL,8235,8026,7,209,1492,347,157,236725,235023,1668,4064161,47379,4064161,47379
8/30/2020,IL,8228,8019,11,209,1472,328,155,235057,233355,1992,4016782,43693,4016782,43693
8/29/2020,IL,8217,8008,11,209,1563,349,134,233065,231363,1880,3973089,48784,3973089,48784
8/28/2020,IL,8206,7997,20,209,1546,352,132,231185,229483,2434,3924305,48383,3924305,48383
8/27/2020,IL,8186,7977,23,209,1631,390,151,228751,227334,1707,3875922,44510,3875922,44510
8/26/2020,IL,8163,7954,37,209,1573,350,132,227044,225627,2157,3831412,50362,3831412,50362
8/25/2020,IL,8126,7917,29,209,1549,345,135,224887,223470,1680,3781050,40859,3781050,40859
8/24/2020,IL,8097,7888,8,209,1529,334,141,223207,221790,1612,3740191,36155,3740191,36155
8/23/2020,IL,8089,7880,6,209,1449,339,117,221595,220178,1893,3704036,54351,3704036,54351
8/22/2020,IL,8083,7874,17,209,1488,322,127,219702,218285,2356,3649685,56766,3649685,56766
8/21/2020,IL,8066,7857,22,209,1526,351,121,217346,215929,2293,3592919,51736,3592919,51736
8/20/2020,IL,8044,7833,27,211,1519,357,124,215053,213721,1832,3541183,51612,3541183,51612
8/19/2020,IL,8017,7806,24,211,1519,334,144,213221,211889,2295,3489571,50299,3489571,50299
8/18/2020,IL,7993,7782,26,211,1510,335,128,210926,209594,1740,3439272,34175,3439272,34175
8/17/2020,IL,7967,7756,12,211,1544,340,126,209186,207854,1773,3405097,38246,3405097,38246
8/16/2020,IL,7955,7744,18,211,1581,345,116,207413,206081,1562,3366851,37089,3366851,37089
8/15/2020,IL,7937,7726,5,211,1538,330,127,205851,204519,1828,3329762,44414,3329762,44414
8/14/2020,IL,7932,7721,27,211,1612,345,126,204023,202691,2296,3285348,49541,3285348,49541
8/13/2020,IL,7905,7696,24,209,1628,383,127,201727,200427,1834,3235807,46006,3235807,46006
8/12/2020,IL,7881,7672,15,209,1525,357,129,199893,198593,1645,3189801,42098,3189801,42098
8/11/2020,IL,7866,7657,20,209,1459,336,127,198248,196948,1549,3147703,41362,3147703,41362
8/10/2020,IL,7846,7637,1,209,1481,352,138,196699,195399,1319,3106341,32353,3106341,32353
8/9/2020,IL,7845,7636,5,209,1488,322,114,195380,194080,1382,3073988,41354,3073988,41354
8/8/2020,IL,7840,7631,18,209,1538,338,125,193998,192698,2190,3032634,48016,3032634,48016
8/7/2020,IL,7822,7613,31,209,1486,333,125,191808,190508,2103,2984618,46869,2984618,46869
8/6/2020,IL,7791,7594,21,197,1517,346,132,189705,188424,1953,2937749,41686,2937749,41686
8/5/2020,IL,7770,7573,28,197,1552,368,129,187752,186471,1759,2896063,46668,2896063,46668
8/4/2020,IL,7742,7545,19,197,1496,365,125,185993,184712,1471,2849395,42598,2849395,42598
8/3/2020,IL,7723,7526,9,197,1418,347,132,184522,183241,1298,2806797,28475,2806797,28475
8/2/2020,IL,7714,7517,14,197,1407,339,126,183224,181943,1467,2778322,38945,2778322,38945
8/1/2020,IL,7700,7503,8,197,1347,334,148,181757,180476,1639,2739377,39809,2739377,39809
7/31/2020,IL,7692,7495,22,197,1369,346,148,180118,178837,1980,2699568,49782,2699568,49782
7/30/2020,IL,7670,7478,16,192,1452,353,149,178138,176896,1772,2649786,41134,2649786,41134
7/29/2020,IL,7654,7462,16,192,1491,355,152,176366,175124,1393,2608652,38187,2608652,38187
7/28/2020,IL,7638,7446,30,192,1383,329,128,174973,173731,1076,2570465,28331,2570465,28331
7/27/2020,IL,7608,7416,18,192,1417,350,124,173897,172655,1231,2542134,30567,2542134,30567
7/26/2020,IL,7590,7398,1,192,1394,345,119,172666,171424,1541,2511567,40844,2511567,40844
7/25/2020,IL,7589,7397,12,192,1438,341,110,171125,169883,1426,2470723,38200,2470723,38200
7/24/2020,IL,7577,7385,17,192,1471,325,115,169699,168457,1599,2432523,44330,2432523,44330
7/23/2020,IL,7560,7367,20,193,1473,309,135,168100,166925,1624,2388193,39706,2388193,39706
7/22/2020,IL,7540,7347,23,193,1456,337,132,166476,165301,1598,2348487,39633,2348487,39633
7/21/2020,IL,7517,7324,23,193,1466,320,142,164878,163703,955,2308854,29745,2308854,29745
7/20/2020,IL,7494,7301,6,193,1410,308,133,163923,162748,1173,2279109,34598,2279109,34598
7/19/2020,IL,7488,7295,5,193,1356,320,132,162750,161575,965,2244511,32113,2244511,32113
7/18/2020,IL,7483,7290,18,193,1360,326,119,161785,160610,1276,2212398,46099,2212398,46099
7/17/2020,IL,7465,7272,13,193,1431,309,128,160509,159334,1427,2166299,43692,2166299,43692
7/16/2020,IL,7452,7251,25,201,1434,311,127,159082,157950,1257,2122607,43006,2122607,43006
7/15/2020,IL,7427,7226,8,201,1454,324,130,157825,156693,1187,2079601,38161,2079601,38161
7/14/2020,IL,7419,7218,25,201,1416,333,126,156638,155506,707,2041440,28446,2041440,28446
7/13/2020,IL,7394,7193,6,201,1362,334,136,155931,154799,883,2012994,30012,2012994,30012
7/12/2020,IL,7388,7187,19,201,1342,311,127,155048,153916,954,1982982,38894,1982982,38894
7/11/2020,IL,7369,7168,24,201,1398,321,139,154094,152962,1195,1944088,32345,1944088,32345
7/10/2020,IL,7345,7144,16,201,1436,306,155,152899,151767,1327,1911743,32987,1911743,32987
7/9/2020,IL,7329,7119,20,210,1507,317,153,151572,150450,1018,1878756,36180,1878756,36180
7/8/2020,IL,7309,7099,36,210,1385,320,153,150554,149432,980,1842576,32742,1842576,32742
7/7/2020,IL,7273,7063,37,210,1385,320,153,149574,148452,587,1809834,26994,1809834,26994
7/6/2020,IL,7236,7026,6,210,1395,321,151,148987,147865,614,1782840,21134,1782840,21134
7/5/2020,IL,7230,7020,6,210,1326,304,165,148373,147251,639,1761706,27235,1761706,27235
7/4/2020,IL,7224,7014,9,210,1346,336,182,147734,146612,862,1734471,33836,1734471,33836
7/3/2020,IL,7215,7005,27,210,1349,334,164,146872,145750,937,1700635,34318,1700635,34318
7/2/2020,IL,7188,6987,36,201,1651,349,195,145935,144882,869,1666317,30262,1666317,30262
7/1/2020,IL,7152,6951,28,201,1511,384,189,145066,144013,828,1636055,33090,1636055,33090
6/30/2020,IL,7124,6923,21,201,1560,401,185,144238,143185,724,1602965,31069,1602965,31069
6/29/2020,IL,7103,6902,14,201,1501,372,187,143514,142461,738,1571896,26918,1571896,26918
6/28/2020,IL,7089,6888,15,201,1464,373,193,142776,141723,646,1544978,23789,1544978,23789
6/27/2020,IL,7074,6873,26,201,1516,400,225,142130,141077,786,1521189,30237,1521189,30237
6/26/2020,IL,7048,6847,34,201,1516,400,225,141344,140291,910,1490952,30425,1490952,30425
6/25/2020,IL,7014,6810,40,204,1626,399,216,140434,139434,894,1460527,31686,1460527,31686
6/24/2020,IL,6974,6770,63,204,1614,389,219,139540,138540,715,1428841,29331,1428841,29331
6/23/2020,IL,6911,6707,36,204,1648,424,236,138825,137825,601,1399510,20507,1399510,20507
6/22/2020,IL,6875,6671,24,204,1628,419,250,138224,137224,462,1379003,18219,1379003,18219
6/21/2020,IL,6851,6647,22,204,1631,422,256,137762,136762,658,1360784,23816,1360784,23816
6/20/2020,IL,6829,6625,111,204,1696,454,274,137104,136104,634,1336968,25965,1336968,25965
6/19/2020,IL,6718,6580,0,204,1837,512,293,136470,135470,831,1311003,27171,1311003,27171
6/18/2020,IL,6718,6537,52,181,1878,538,321,135639,134778,593,1283832,25504,1283832,25504
6/17/2020,IL,6666,6485,87,181,1878,563,331,135046,134185,546,1258328,29987,1258328,29987
6/16/2020,IL,6579,6398,72,181,1939,561,331,134500,133639,623,1228341,18729,1228341,18729
6/15/2020,IL,6507,6326,18,181,1961,569,340,133877,133016,473,1209612,18627,1209612,18627
6/14/2020,IL,6489,6308,19,181,1914,562,328,133404,132543,672,1190985,22040,1190985,22040
6/13/2020,IL,6470,6289,29,181,2117,610,352,132732,131871,673,1168945,21844,1168945,21844
6/12/2020,IL,6441,6260,78,181,2209,648,375,132059,131198,732,1147101,24774,1147101,24774
6/11/2020,IL,6363,6185,90,178,2365,638,379,131327,130603,766,1122327,22325,1122327,22325
6/10/2020,IL,6273,6095,77,178,2458,706,394,130561,129837,625,1100002,20820,1100002,20820
6/9/2020,IL,6196,6018,94,178,2573,726,437,129936,129212,797,1079182,20309,1079182,20309
6/8/2020,IL,6102,5924,198,178,2496,713,443,129139,128415,1382,1058873,16099,1058873,16099
6/7/2020,IL,5904,5904,40,,2550,720,438,127757,127757,867,1042774,20700,1042774,20700
6/6/2020,IL,5864,5864,69,,2702,770,476,126890,126890,975,1022074,21155,1022074,21155
6/5/2020,IL,5795,5795,59,,2911,817,500,125915,125915,1156,1000919,18903,1000919,18903
6/4/2020,IL,5736,5736,115,,3044,853,516,124759,124759,929,982016,22841,982016,22841
6/3/2020,IL,5621,5621,96,,3173,844,508,123830,123830,982,959175,24471,959175,24471
6/2/2020,IL,5525,5525,113,,3238,874,548,122848,122848,1614,934704,16431,934704,16431
6/1/2020,IL,5412,5412,22,,3215,902,547,121234,121234,974,918273,20014,918273,20014
5/31/2020,IL,5390,5390,60,,3296,941,550,120260,120260,1343,898259,21154,898259,21154
5/30/2020,IL,5330,5330,60,,3336,925,661,118917,118917,1462,877105,25343,877105,25343
5/29/2020,IL,5270,5270,84,,3599,980,593,117455,117455,1622,851762,21796,851762,21796
5/28/2020,IL,5186,5186,103,,3649,1009,576,115833,115833,1527,829966,25993,829966,25993
5/27/2020,IL,5083,5083,160,,3826,1031,592,114306,114306,1111,803973,17179,803973,17179
5/26/2020,IL,4923,4923,39,,3788,1035,590,113195,113195,1178,786794,17230,786794,17230
5/25/2020,IL,4884,4884,28,,3762,1025,605,112017,112017,1713,769564,21643,769564,21643
5/24/2020,IL,4856,4856,66,,3667,1007,632,110304,110304,2508,747921,25674,747921,25674
5/23/2020,IL,4790,4790,75,,3753,1027,607,107796,107796,2352,722247,25114,722247,25114
5/22/2020,IL,4715,4715,108,,3928,1060,589,105444,105444,2758,697133,25113,697133,25113
5/21/2020,IL,4607,4607,82,,4107,1088,609,102686,102686,2268,672020,29307,672020,29307
5/20/2020,IL,4525,4525,146,,3914,1005,554,100418,100418,2388,642713,21029,642713,21029
5/19/2020,IL,4379,4379,145,,4002,993,576,98030,98030,1545,621684,18443,621684,18443
5/18/2020,IL,4234,4234,57,,4120,1096,636,96485,96485,2294,603241,21297,603241,21297
5/17/2020,IL,4177,4177,48,,4190,1144,735,94191,94191,1734,581944,20295,581944,20295
5/16/2020,IL,4129,4129,71,,4306,1135,653,92457,92457,2088,561649,23047,561649,23047
5/15/2020,IL,4058,4058,130,,4367,1129,675,90369,90369,2432,538602,26565,538602,26565
5/14/2020,IL,3928,3928,136,,4473,1132,689,87937,87937,3239,512037,22678,512037,22678
5/13/2020,IL,3792,3792,191,,4563,1208,714,84698,84698,1677,489359,17668,489359,17668
5/12/2020,IL,3601,3601,142,,4626,1215,730,83021,83021,4014,471691,29266,471691,29266
5/11/2020,IL,3459,,53,,4319,1248,730,79007,79007,1266,442425,12441,442425,12441
5/10/2020,IL,3406,,57,,4293,1232,709,77741,77741,1656,429984,13653,429984,13653
5/9/2020,IL,3349,,108,,4739,1215,739,76085,76085,2325,416331,16617,416331,16617
5/8/2020,IL,3241,,130,,4750,1222,727,73760,73760,2887,399714,20671,399714,20671
5/7/2020,IL,3111,,137,,4862,1253,766,70873,70873,2641,379043,17783,379043,17783
5/6/2020,IL,2974,,136,,4832,1231,780,68232,68232,2270,361260,14974,361260,14974
5/5/2020,IL,2838,,176,,4780,1266,780,65962,65962,2122,346286,13139,346286,13139
5/4/2020,IL,2662,,44,,4493,1232,763,63840,63840,2341,333147,13834,333147,13834
5/3/2020,IL,2618,,59,,4701,1232,759,61499,61499,2994,319313,19417,319313,19417
5/2/2020,IL,2559,,102,,4717,1250,789,58505,58505,2450,299896,15208,299896,15208
5/1/2020,IL,2457,,102,,4900,1263,777,56055,56055,3137,284688,14821,284688,14821
4/30/2020,IL,2355,,140,,4953,1289,785,52918,52918,2563,269867,13200,269867,13200
4/29/2020,IL,2215,,90,,5036,1290,777,50355,50355,2253,256667,14478,256667,14478
4/28/2020,IL,2125,,142,,4738,1245,778,48102,,2219,242189,14561,242189,14561
4/27/2020,IL,1983,,50,,4672,1249,763,45883,,1980,227628,12676,227628,12676
4/26/2020,IL,1933,,59,,4595,1267,772,43903,,2126,214952,13335,214952,13335
4/25/2020,IL,1874,,79,,4699,1244,763,41777,,2119,201617,11985,201617,11985
4/24/2020,IL,1795,,107,,4828,1225,709,39658,,2724,189632,16124,189632,16124
4/23/2020,IL,1688,,123,,4877,1268,766,36934,,1826,173508,9162,173508,9162
4/22/2020,IL,1565,,97,,4665,1220,747,35108,,2049,164346,9349,164346,9349
4/21/2020,IL,1468,,119,,4776,1226,781,33059,,1551,154997,6639,154997,6639
4/20/2020,IL,1349,,59,,4599,1239,757,31508,,1151,148358,5040,148358,5040
4/19/2020,IL,1290,,31,,4314,1196,749,30357,,1197,143318,5914,143318,5914
4/18/2020,IL,1259,,125,,4340,1192,740,29160,,1585,137404,7241,137404,7241
4/17/2020,IL,1134,,62,,4454,1196,777,27575,,1842,130163,7574,130163,7574
4/16/2020,IL,1072,,124,,4423,1248,797,25733,,1140,122589,5660,122589,5660
4/15/2020,IL,948,,80,,4283,1189,796,24593,,1346,116929,6313,116929,6313
4/14/2020,IL,868,,74,,4283,1189,796,23247,,1222,110616,4848,110616,4848
4/13/2020,IL,794,,74,,3680,1166,821,22025,,1173,105768,5033,105768,5033
4/12/2020,IL,720,,43,,3680,1166,821,20852,,1672,100735,7956,100735,7956
4/11/2020,IL,677,,81,,3680,1166,821,19180,,1293,92779,5252,92779,5252
4/10/2020,IL,596,,68,,3680,1166,821,17887,,1465,87527,6670,87527,6670
4/9/2020,IL,528,,66,,3680,1166,821,16422,,1344,80857,5791,80857,5791
4/8/2020,IL,462,,82,,3680,1166,821,15078,,1529,75066,6334,75066,6334
4/7/2020,IL,380,,73,,3680,1166,821,13549,,1287,68732,5790,68732,5790
4/6/2020,IL,307,,33,,,,,12262,,1006,62942,3959,62942,3959
4/5/2020,IL,274,,31,,,,,11256,,899,58983,5402,58983,5402
4/4/2020,IL,243,,33,,,,,10357,,1453,53581,5533,53581,5533
4/3/2020,IL,210,,53,,,,,8904,,1209,48048,4392,48048,4392
4/2/2020,IL,157,,16,,,,,7695,,715,43656,3272,43656,3272
4/1/2020,IL,141,,42,,,,,6980,,986,40384,5159,40384,5159
3/31/2020,IL,99,,26,,,,,5994,,937,35225,4779,35225,4779
3/30/2020,IL,73,,8,,,,,5057,,461,30446,2684,30446,2684
3/29/2020,IL,65,,18,,,,,4596,,1105,27762,2333,27762,2333
3/28/2020,IL,47,,13,,,,,3491,,465,25429,3887,25429,3887
3/27/2020,IL,34,,8,,,,,3026,,488,21542,4911,21542,4911
3/26/2020,IL,26,,7,,,,,2538,,673,16631,2422,16631,2422
3/25/2020,IL,19,,3,,,,,1865,,330,14209,2724,14209,2724
3/24/2020,IL,16,,4,,,,,1535,,262,11485,1617,11485,1617
3/23/2020,IL,12,,3,,,,,1273,,224,9868,1494,9868,1494
3/22/2020,IL,9,,3,,,,,1049,,296,8374,2127,8374,2127
3/21/2020,IL,6,,1,,,,,753,,168,6247,1961,6247,1961
3/20/2020,IL,5,,1,,,,,585,,163,4286,1135,4286,1135
3/19/2020,IL,4,,3,,,,,422,,134,3151,1099,3151,1099
3/18/2020,IL,1,,0,,,,,288,,129,2052,552,2052,552
3/17/2020,IL,1,,1,,,,,159,,66,1500,357,1500,357
3/16/2020,IL,,,0,,,,,93,,29,1143,211,1143,211
3/15/2020,IL,,,0,,,,,64,,18,932,224,932,224
3/14/2020,IL,,,0,,,,,46,,14,708,264,708,264
3/13/2020,IL,,,0,,,,,32,,7,444,26,444,26
3/12/2020,IL,,,0,,,,,25,,6,418,51,418,51
3/11/2020,IL,,,0,,,,,19,,0,367,41,367,41
3/10/2020,IL,,,0,,,,,19,,12,326,326,326,326
3/9/2020,IL,,,0,,,,,7,,1,,0,,0
3/8/2020,IL,,,0,,,,,6,,0,,0,,0
3/7/2020,IL,,,0,,,,,6,,1,,0,,0
3/6/2020,IL,,,0,,,,,5,,0,,0,,0
3/5/2020,IL,,,0,,,,,5,,1,,0,,0
3/4/2020,IL,,,0,,,,,4,,0,,0,,0
